3681	Marwin	Berkowitz	mberkowitzkg@blog.com	2019-06-09	M	30413	4
3854	Anni	Calderon	acalderonde@wisc.edu	2013-04-28	F	42509	4
9726	Ariel	Nasi	anasifr@pinterest.com	2017-06-20	F	43333	4
10816	Maris	Ivashkov	mivashkovmb@nytimes.com	2010-05-12	F	11258	4
11660	Templeton	Stedman	tstedmanpw@latimes.com	2011-06-25	M	54787	4
12147	Rees	Murford	rmurfordkc@icq.com	2013-11-14	M	40378	4
18059	Donal	Leyburn	dleyburnb2@angelfire.com	2014-09-27	M	56594	1
18563	Vere	Haskell	vhaskellpn@arizona.edu	2016-10-14	F	48456	1
26448	Melina	Bathersby	NULL	2022-02-07	F	21618	4
34644	Revkah	Mayhou	rmayhoupo@squidoo.com	2013-06-14	F	62263	4
